ID;Nome;CodigoBarras;EmAberto
1;Caixa;1;False
2;Consumo;2;False
3;Preto;3;False
4;Luciano;4;False
5;Amarildo;5;False
6;Deni;6;False
7;Marquinhos;7;False
8;Edson Capenga;8;False
9;Alipio;9;False
10;Seu Paulo;10;False
11;Cacau;11;False
12;Gringo;12;False
13;Jorge;13;False
14;Leno;14;False
15;Josemir - picol;50;False
16;Valdo;15;False
17;Carlos Galega;16;False
18;Junior;17;False
19;Alemao;18;False
20;claudineia;100;False
21;galega;99;False
22;gabriel;24;False
23;jayson;22;False
24;carlinhos vidracaria;55;False
25;jair;26;False
26;metralha;27;False
1022;guto;23;False
1023;diomario;30;False
1024;caio;56;False
1025;Marcelo;101;False
1026;Onildo;56;False
1027;Onildo;57;False
1028;robinho;58;False
1029;Moca;19;False
1030;alvin;20;False
1031;romario;35;False
1032;roger;24;False
1033;roger;29;False
2032;Edson hospital;21;False
2033;valter;28;False
2034;Claudiomiro;69;False
2035;zoraide;171;False
