ID;Nome;Descricao;Quantidade;CodigoBarras;Valor;QuantidadeMinima
1;Heineken;;-10;1;,00;10
2;brahma 300 ml;;-4866;7891149010103;2,50;10
3;trindent menta;;-169;7895800304228;2,00;21
4;trindent canela;;15;7895800304235;2,00;21
5;trindent fresh limao;;-11;7622300989545;2,00;21
6;vinho la linda;cabernet sauvignon;0;7791203000852;69,90;1
7;vinho latitude 33;malbec;1;7790975017518;77,85;1
8;vinho re de romae;rosso;0;8034076533911;33,90;1
9;vinho principe dei conti;tinto seco;1;8034076533935;29,90;1
10;vinho tierra alta;cabernet sauvignon;-1;7898924502419;29,90;1
11;vinho vin de france;rouge;2;3298660004019;78,50;1
12;vinho santa ana;branco seco argentino;1;7790762000020;19,99;1
13;vinho tinto seco;reserva dos pampas;0;7898908900071;50,00;1
14;jurupinga;;-11;7896356600161;23,99;2
15;almaden branco seco;riesling;8;7896756802684;31,99;2
16;vinho randon;branco seco;1;7896741687234;10,00;2
17;velho barreiro;;-135;7896050200124;10,50;2
18;maracuja pingo de ouro;;-87;7898003630170;10,50;2
19;limaozinho pingo de ouro;;-84;7898003630125;9,50;2
20;catuaba de acai selvagem;;-22;7896336807429;18,50;2
21;catuaba selvagem;;-9;7896336802189;18,50;2
22;whisky drurys;;-8;7896010000139;30,50;2
23;natu nobilis ;;4;7891050000309;38,50;2
24;black stone;;7;7896037916338;19,50;2
25;master gold;;0;7898080660916;15,50;2
26;dreher;conhaque;4;7896010002133;15,50;2
27;magnata ;conhaque;0;7896711104563;11,00;2
28;dalber;conhaque;-5;7898080660329;11,00;2
29;rayslof tradicional;;-17;7898080661548;10,50;2
30;aklov;vodka;-33;7898080660190;10,50;2
31;rayslof kiwi;;0;7898080662910;10,50;2
32;rayslof red fruits;;0;7898080662828;10,50;2
33;korolewa 1.750ml;;3;7898080663467;29,99;2
34;druska 1.750ml;;0;7896711104679;18,99;2
35;dolble w;;0;7896029700105;18,90;2
36;rajska;;3;7896037916086;17,50;2
37;gin rocks;;3;7896037916123;28,80;1
38;bacardi big pineapple;;0;7891125064496;32,99;1
39;bacardi limon;;0;7501008616130;32,99;1
40;bacardi big apple;;5;7891125064502;32,99;2
41;bacardi carta oro;;2;7891125064076;39,90;1
42;contini bianco;;0;7896008104818;22,99;1
43;contini rosso;;1;7896008104917;22,99;1
44;rum havana club;;1;8501110080248;99,99;1
45;campari;;0;7891136051003;48,99;1
46;martini rosato;;0;7891125160440;31,50;1
47;martini rosso;;1;7891125160419;31,50;1
48;martini bianco;;2;7891125000074;31,50;1
49;energetico baly 1l;;-95;7898080660565;7,80;2
50;energetico black rhino 2l;;1;7898954759036;8,99;2
51;energetico blade 2l;;0;7898633250014;8,50;2
52;energetico falcon pink 2l;;8;7898936492159;9,50;2
53;energetico mormaii 2l;;-43;7898934707118;8,50;2
54;energetico falcon blue 2l;;-61;7898934707095;9,50;2
55;energetico baly 250ml pet;;-29;7898080662200;4,00;2
56;ene nitrix 2L;;6;7898925513025;10,50;2
57;energetico baly 2l;;-1715;7898080662668;11,00;15
58;suco su fresh morango;;-109;7898192031833;6,00;2
59;suco su fresh pessego;;-30;7898192030621;6,00;2
60;suco su fresh uva;;-99;7898192030614;6,00;2
61;suco su fresh maracuja;;-69;7898192034025;6,00;2
62;passport 670 ml;;12;7891050000125;33,90;1
63;passport 1l;;-2;7891050000101;54,99;6
64;orloff;;-25;7891050000903;28,99;6
65;smirnoff;;4;7893218000473;37,50;3
66;intencion;;-27;7898080662330;18,99;6
67;skyy;;1;7896010004007;40,99;2
68;finlandia cranberry;;1;6412700572000;89,90;1
69;finlandia;;0;6412700021027;83,99;1
70;wyborowa apple 700 ml;;1;5900685008269;49,99;1
71;wyborowa;;1;7891050002730;85,60;1
72;finlandia mango;;1;6412700581002;89,90;1
73;JAGERMEIFTER;;1;4067700013002;119,99;1
74;cointreau 1l;;1;3035542001908;110,00;1
75;amarula 750ml;;0;6001495062508;88,99;1
76;frangelico;;1;8004160660304;119,99;1
77;sheridans 500ml;;-1;5011013500680;109,00;1
78;tequila tenampa;;0;7501035017115;52,50;1
79;tequila jose cuervo silver 750ml;;3;7501035042322;99,99;1
80;tequila jose cuervo 700ml;;-1;7501035042131;99,99;1
81;tequila sierra 700ml;;0;4062400019507;72,80;1
82;trindent melancia;;-58;7895800309780;2,00;6
83;trident morango;;-65;7895800201503;2,00;6
84;trident cereja ice;;-40;7622300860899;2,00;6
85;trident fresh herbal;;0;7895800308738;2,00;6
86;trident fresh intense;;-42;7895800911150;2,00;6
87;trident hortela;;-44;7895800304211;2,00;6
88;halls mentol;;-28;7895800300381;1,50;6
89;halls uva verde;;-33;7895800420003;1,50;6
90;halls menta;;-5;7895800303320;1,50;6
91;halls morango;;-41;7895800304679;1,50;6
92;halls melancia;;-23;7895800308721;1,50;6
93;halls cereja;;-48;7895800300145;1,50;6
94;halls fruit explosion;;1;7622210646354;1,50;6
95;halls extra forte;;-56;7895800303313;1,50;6
96;amendoim pettiz natural;;0;7896058593174;2,00;2
97;amendoim torrado salgado dori;70 gramas;-2;7896058507218;2,00;2
98;amendoim japones dori;70 gramas;0;7896058500738;2,00;2
99;amendoim cebola e salsa pettiz;;0;7896058593167;2,00;2
100;amendoim pimenta vermelha pettiz;;0;7896058593150;2,00;2
101;gota de prata;vermelha;-2;7898307571698;5,99;2
102;gota de prata ;branca;3;7898307571681;5,99;2
103;chandon 187;rose;2;7790975020358;25,00;2
104;sake okinawa;;-2;7896711102927;23,99;2
105;malibu;;1;089540468709;69,99;1
106;bid licor marula;;1;7897736406014;49,99;1
107;bid licor chocolate com avela;;0;7897736406120;36,50;1
108;bid licor morango;;1;7897736406021;36,50;1
109;bid licor cappuccino;;1;7897736406069;36,50;1
110;bid licor cassis;;1;7897736407035;36,50;1
111;bid licor coconut;;1;7897736406052;36,50;1
112;bid licor cacau;;1;7897736407028;36,50;1
113;bid licor chocolate com pimenta;;1;7897736406151;36,50;1
114;cachaca do Brazil;a praiana;1;7896440402213;69,90;1
115;cachaca spezia;;0;7896440402299;39,90;2
116;essencia gold ice white;;0;6253349724029;12,00;2
117;essencia gold ice mint;;0;6253349717052;12,00;2
118;essenci gold vanilla e mint;;-2;6253349719193;12,00;2
119;essencia gold fresh mint;;0;6253349725934;12,00;2
120;cigarro l.a cereja;;0;78921702;9,00;2
121;cigarro black;;0;78917439;9,00;2
122;essencia afzal chocomenta;;0;802084127303;10,00;2
123;essencia afzal blueberry mirtilo;;0;802084126078;10,00;2
124;essencia afzal natural;;0;802084125064;10,00;2
125;essencia afzal bubble gum chiclete;;0;802084128751;10,00;2
126;macarico;;2;6926384027812;25,00;2
127;seda blunt master;;1;812615010059;6,00;2
128;carvao marroquino polvora;;-11;7898594720014;5,00;2
129;seda mantra grape;;0;689076533393;5,00;2
130;seda manta mint;;0;689076532297;5,00;2
131;seda smoking brown grande;;-42;8414775013547;8,00;2
132;seda smoking deluxe grande;;-28;84195937;7,00;2
133;seda smoking brown pequena;;-54;8414775013523;6,00;2
134;seda smk;;-5;84190352;5,00;2
135;seda smoking master prata;;26;84196590;7,00;2
136;seda smoking pequena de luxe;;-119;84190819;5,00;2
137;seda aledinha;;0;7898915411041;4,00;2
138;carvao de coco brasil;;-1313;751320160546;,85;10
139;rayslof ice red fruits;;-48;7898080663337;4,00;6
140;rayslof ice kiwi;;-36;7898080663375;4,00;6
141;smirnoff ice;;-692;7893218003603;6,25;6
142;tequileiro fiest ice;;-12;7897736409619;4,00;6
143;skol beats secret;;-155;7891149106806;6,25;6
144;eisenbahn pilsen;;-778;7898367980010;5,00;6
145;heineken long neck;;-4210;78936683;5,00;12
146;budwaiser long neck;;-1018;7891991010832;5,00;12
147;stella artois;;-299;7891149101900;5,00;12
148;sol long neck;;-198;78934115;5,00;6
149;brahma malzbier;;-27;7891149040308;5,00;6
150;brahma extra weiss;;0;7891149106455;4,80;6
151;brahma extra lager;;0;7891149106424;4,80;6
152;fanta laranja lata;;-1;7894900030013;3,00;6
153;sprite lata;;10;7894900060010;3,00;6
154;coca cola lata;;0;7894900010015;3,00;6
155;coca cola zero;;0;7894900700015;3,00;6
156;guarana lata;;7;7891991000826;3,00;6
157;energetico red bull latao 473ml;;38;9002490214166;14,50;6
158;energetico black rhino lata;;0;700083354334;6,00;6
159;fanta laranja 2litros;;2;7894900031515;7,00;6
160;coca cola 2 litros;;-26;7894900011517;8,00;6
161;pureza 2 litros;;-14;7897672220002;7,00;6
162;sprite 2 litros;;-2;7894900061512;7,00;6
163;cerveja skol lata 350ml;;-72;7891149200504;3,00;6
164;cerveja sub zero;;-95;7891991010023;2,60;6
165;cerveja schin;;1103;7896052605279;2,30;6
166;cerveja brahma 350 ml;;-323;7891149010509;3,00;6
167;cerveja heineken lata;;-116;7896045523412;4,50;6
168;cerveja franziskaner 500ml;;0;4072700003649;9,50;6
169;caixa cerveja schin com 12;;0;7896052605286;26,00;5
170;caixa cerveja brahma com 12;;0;7891149100019;33,50;5
171;caixa cerveja skol com 12;;0;7891149100002;33,50;5
172;caixa sub zero com 12;;0;7891991010030;30,00;5
173;gelo 3 kilos;;-2699;7898143960427;6,50;10
174;vinho campo largo branco seco;;-62;7896931611377;12,75;6
175;vinho campo largo suave;;-1;7896931611346;12,75;6
176;trident tutti frutti;;-40;7895800430002;2,00;6
177;carteira gudang;;0;8998989121200;25,00;5
178;bic;;-118;070330631328;4,00;12
179;agua sem gas valle vita;;-10;7898571360042;2,00;12
180;agua com gas font life;;-95;7898912374028;2,50;12
181;freixenet cava;;1;8410036800512;69,90;1
182;absolut tradicional;;-26;7312040017034;92,50;2
183;white horse;;-3;5000265001335;88,99;2
184;red label;;2;5000267013602;87,99;2
185;black label;;1;5000267023601;169,00;1
186;buchanan`s deluxe;;0;5000196002807;175,90;1
187;grant`s;;0;5010327000497;89,90;1
188;dewar`s;;1;5000277001200;99,00;1
189;J&B;;0;5010103800457;89,50;1
190;Jim Bean;;0;5010196092142;99,99;1
191;Chivas Regal;;0;080432400432;178,99;1
192;Jack Daniel`s;;-9;082184090442;145,00;1
193;Jack Daniel`s Honey;;-4;082184000328;155,00;1
194;Jack Daniel`s Sinatra;;0;5099873055533;420,00;1
195;Johnie Walker Gold Label;;0;5000267107776;290,00;1
196;Ballantine`s - 4,5;;1;5010106014936;480,00;1
197;Johnnie Walker - 3L;;0;5000267129778;390,00;1
198;Pyccknn - Russian Standard 3L;;1;4603400000777;315,00;1
199;Danzka Grapefruit;;1;5700359300848;74,50;1
200;Stolichinaya;;-2;4750021000164;97,99;1
201;Stolichinaya Chocolat Kokonut;;1;4750021002182;104,50;1
202;absolut 100;;1;7312040014040;139,00;1
203;Absolut diamant;;1;7312040551705;135,00;1
204;Absolut Karnival;;1;7312040551293;104,99;1
205;Absolut Mandrin;;2;7312040050109;104,99;1
206;Absolut Rubyred;;0;7312040080106;104,99;1
207;Absolut Kurant;;1;7312040020102;104,99;1
208;Absolut Vanilia;;0;7312040060108;104,99;1
209;Absolut Peppar;;1;7312040006106;104,99;1
210;Absolut Oriental Apple;;1;7312040221004;104,99;1
211;Absolut Berri Acai;;-1;7312040201006;104,99;1
212;Absolut Pears;;1;7312040151004;104,99;1
213;Absolut Grape;;1;7312040251001;104,99;1
214;Absolut Raspberri;;0;7312040040100;104,99;1
215;Absolut Mango;;-1;7312040181001;104,99;1
216;Absolut Cherrys;;1;7312040261000;104,99;1
217;Ciroc tradicional;;-1;088076161863;145,50;1
218;Ciroc Coconut;;1;088076174955;149,99;1
219;Ciroc Red Berry;;1;088076175051;149,99;1
220;Pravda;;1;5908234674125;210,00;1
221;Grey Goose;;1;5010677850209;145,50;1
222;Chandon Extra Brut;;0;7790975000220;35,00;1
223;Lunar Brut;;-1;7896931613555;39,99;1
224;Corsega Tardia;;1;7792319000118;49,99;1
225;lunar processo asti oro;;0;7896931611025;39,99;1
226;lunar brut natural;;-2;7896931611667;39,99;1
227;lunar ice;;-1;7896931613937;41,99;1
228;tocornal brut;;1;7798039591097;59,99;1
229;cosecha especial;;-1;7792319678560;51,99;1
230;citrus 2l;;-73;7898080663191;4,50;6
231;iskra;;-102;7897128900830;9,99;2
232;kislla big aplle;;2;7898422677183;16,50;2
233;olden wack;;-22;7898422675301;14,90;2
234;catuaba pingo de ouro;;-24;7898003631771;9,99;2
235;red bull 250 ml;;53;611269991000;8,50;2
236;suco su fresh laranja;;-18;7898192032656;6,00;2
237;suco su fresh manga;;-2;7898192034520;6,00;2
238;suco sufresh abacaxi;;-73;7898192034056;6,00;2
239;agua tonica;;9;7891991000840;3,50;2
240;ballantinies;;-2;5010106111956;83,99;1
241;ene nitrix 1L;;-4;7898939867022;7,50;2
242;essencia gold mint;;-4;6253349713184;12,00;1
243;skol beats azul;;-296;7891149105588;6,25;2
244;combo big aplle + baly+gelo;;0;7893219654149;47,99;1
245;gudang avulso;;-32570;7893219650028;1,50;10
246;copo metalico;;-66;7893219653227;6,00;2
247;copo transparnte;;-14;7893219653241;3,50;2
248;copo canudo;;-16;7893219650080;6,00;2
249;combo orloff+ baly+ gelo;;0;7893219654132;43,00;1
250;smirnoff ice;;68;7893218000107;6,25;2
251;combo passport+ baly+ gelo;;0;7893219653272;67,99;1
252;combo korolewa+baly+gelo;;0;7893219653265;42,00;1
253;tira copo descartavel;;27;7896030892684;9,00;1
254;combo intencion + bally+ gelo;;0;7893219650066;36,00;1
255;combo intencion + citrus+gelo;;0;7893219650097;36,00;2
256;combo ballantines+baly+gelo;;0;7893219654125;90,00;1
257;steinhaeger ;;0;7896029700013;39,99;1
258;carteira gudang gr;;0;8998989100120;10,00;1
259;smirnoff ice lata;;0;7893218003474;4,50;1
260;bacardi carta blanca;;2;7891125064038;36,99;1
261;essencia de strawberry gold;;-1;6253349713320;12,00;1
262;catuaba selvagem mel /limao;;-4;7896336807580;18,50;1
263;agua sem gas fonte life;;-53;7898912374011;2,00;1
264;essencia absolut menthol gold;;-3;6253349725958;12,00;1
265;cherry halls gold;;1;6253349717090;12,00;1
266;batata slice cebola salsa;;-1;7898432070189;2,50;1
267;batata slice picanha;;0;7898432070219;2,50;1
268;batata slice cheddar com bacon;;0;7898432070530;2,50;1
269;batata slice original;;0;7898432070516;2,50;1
270;gudang avulso grosso;;109;7893219650035;1,00;10
271;combo raiska+baly2l+gelo;;0;7893219653234;33,50;1
272;essencia mazaia blueberry exotica;;0;6253345303310;12,00;1
273;essencia zomo orange;;-16;78412330;12,00;1
274;essencia gold mandarin zest;;0;6253349723947;12,00;1
275;ciroc pineapple;;1;088076179080;149,99;1
276;Double Black;;-1;5000267112077;199,00;1
277;ciroc peach;;2;088076177406;149,99;1
278;essencia gold fruit power;;0;6253349718936;12,00;1
279;essencia zomo watermelon mint;;0;78411470;12,00;1
280;essencia zomo creamy orange;;-2;78411418;12,00;1
281;essencia zomo strong pine;;-10;78412194;12,00;1
282;coca cola lata 300 ml;;-5;7894900011159;3,00;2
283;brahma zero;;2;7891149104932;3,50;1
284;caixa brahma zero;;18;7891149104949;42,00;1
285;cerveja 1500 269ml;;-9;7898295301413;2,60;1
286;caixa cerveja 1500;;51;7898295301420;31,20;1
287;caixa  burguesa 350 ml;;0;7898295301376;32,00;1
288;cerveja burguesa lata;;1;7898295301352;3,00;1
289;white horse gold;;0;5000265101417;69,99;1
290;white horse+ gelo+ baly;;0;7893219654118;85,00;1
291;essencia zomo strong mint;;-9;78412118;12,00;1
292;essencia zomo gudang with chocolate;;0;78411548;12,00;1
293;essencia zomo mint;;-9;78411234;12,00;1
294;cordao;;6;7893219653203;7,00;5
295;cerveja colorado appia;;4;7898925943020;10,50;1
296;cerveja colorado indica;;-6;7898925943037;10,50;1
297;mormaii;;-63;7896711104877;9,50;2
298;cerveja polar 473ml ;;-406;7891991009140;4,80;2
299;chiclete buzzy morango;;-25;7891151033800;,25;5
300;chiclete buzzy tutti frutti;;-12;7891151026567;,25;2
301;amarula 1l;;0;6001495062669;102,99;1
302;catuaba de acai da selva;;1;7898422673536;13,99;2
303;chopp ecobier;;1;7896657713027;4,00;2
304;cinnamon gum zomo;;0;78411395;12,00;1
305;wild africa zomo;;-1;78412347;12,00;1
306;essencia zomo strong passion;;0;78412200;12,00;1
307;ovo codorna 300g;;-1;7898934586287;10,99;1
308;pepino 300gr;;0;7898934586157;5,90;1
309;palmito anita;;0;7898934586089;12,50;1
310;jurupira;;7;7897128919979;13,99;1
311;energetico mormai lata;;5;7898947845692;6,00;1
312;essencia gold ice cherry;;0;6253349725651;12,00;2
313;essencia gold spearmint;;-1;6253349713191;12,00;1
314;essencia gold strawberry pie;;-2;6253349727334;12,00;1
315;essencia gold strong passion;;1;6253349719162;12,00;1
316;tacas;;39;7893219650004;5,00;2
317;schweppes;;0;7894900321753;7,80;1
1316;vinho marcus james chardonnay ;;0;7891141015854;30,50;1
1317;canudos;;7;7898202610638;,01;1
1318;rayslo icef maracuja;;-12;7898080663320;4,00;1
1319;absolut 4,5l;;0;7312040014507;550,00;1
1320;grey goose 1l;;-1;080480280017;168,00;1
1321;caneta eletronica;.;0;7893219650011;35,00;1
1322;catuaba selva;;0;7898422671716;13,99;2
1323;laka branco;;12;7622300862442;2,00;1
1324;snickers;;2;7506174500207;2,50;1
1325;essencia citrus ice;;0;6253349725941;12,00;1
1326;essencia frost maracuja;;0;6253349725989;12,00;1
1327;vodka eternity;;0;7898422670207;16,99;1
1328;red label 4,5;;1;5000267011202;575,00;1
1329;suco skinka;;15;7896052601516;3,00;1
1330;agua s/gas schin;;28;7896052600731;2,00;1
1331;devassa lageer;;1;7898904771019;4,80;1
1332;itubaina;;7;7896052600236;5,50;1
1333;salgados diversos;;38;7893219650042;2,00;2
1334;essencia miami nights;;-14;78412774;12,00;1
1335;essencia gold acai;;0;6253349726009;12,00;1
1336;essencia gold banana e cinnamon;;0;6253349724005;12,00;1
1337;essencia gold hot e cold;;0;6253349724043;12,00;1
1338;essencia gold tropical;;0;6253349719186;12,00;1
1339;essencia gold ice lemon on the rocks;;0;6253349728287;12,00;1
1340;essencia gold ice mango;;0;6253349725637;12,00;1
1341;essencia gold cheese berry;;0;6253349727297;12,00;1
1342;zomo SB;;-1;78412538;12,00;1
1343;narguile preto;;-1;7292548854907;95,00;1
1344;narguile verde;;0;7898542851227;95,00;1
1345;narguile preto;;1;7898542854907;95,00;1
1346;narguile azul yahya;;0;6923450656181;110,00;1
1347;gelo escama;;-10;7899766969965;13,00;1
1348;combo natu nobilis;;0;100;54,00;1
1349;combo smirnoff;;0;101;54,00;1
1350;combo red label;;0;102;90,00;1
1351;combo absolut;;0;103;90,00;1
1352;combo white horse;;0;105;100,00;1
1353;cerveja leffe;;-24;5410228142089;6,50;1
1354;danzka;;2;5788686123514;74,50;1
1355;tequila  patron;;2;721733000029;115,50;1
1356;negrita rum cream;;3;3012993032194;81,99;1
1357;Absinto;;1;3379974202008;125,99;1
1358;carreta de oro;;1;7503011536092;175,75;1
1359;ibiza sensations;;1;78413627;12,00;1
1360;mount fuji;;2;78413498;12,00;1
1361;essencia zomo mystery of bali;;1;78413603;12,00;1
1362;madagascar forest;;0;78413634;12,00;1
1363;dragon wall;;0;78413481;12,00;1
1364;essencia zomo colori della sicilia;;-2;78413597;12,00;1
1365;agua s /  gas puris;;-216;7898409620102;2,00;1
1366;agua c/gas armazem;;-22;7898954424057;2,50;1
1367;Gin bulldog;;0;897076002072;169,99;1
1368;Gin bombay sapphire;;1;5010677716000;158,99;1
1369;Gin tanqueray;;0;5000291020805;154,99;1
1370;Patron xo cafe;;1;721733001286;159,99;1
1371;Gin temptation;;0;7898422674564;28,50;1
1372;agua de coco Trop;;1;7896828000246;6,50;1
1373;agua c/ gas valle vita;;1;7898571360059;2,50;1
1374;agua c/ gas puris;;-70;7898409620126;2,50;1
1375;coca 1,5 lt;;7;7894900011753;6,50;1
1376;skol beats senses lata;;-80;7891149105564;5,50;1
1377;adalya love 66;;-28;8681511386771;16,50;1
1378;exotic pantanal;;-3;78412743;12,00;1
1379;cerveja Opa ;;0;7898334960175;8,00;1
1380;skol beats frost lata;;-63;7891149107742;5,50;1
1381;skol beats secret lata;;-60;7891149106837;5,50;1
1382;essencia blue caribbean;;2;78412378;12,00;1
1383;essencia dry sahara;;-4;78412385;12,00;1
1384;essencia splash tanger;;-7;78412545;12,00;1
1385;essencia strong lemon;;-5;78412187;12,00;1
1386;essencia ice strawberry adalya;;0;8681511387723;16,50;1
1387;essencia ice bonbon adalya;;0;8681511386641;16,50;1
1388;guarana antarctica 600ml;;9;7891991002646;4,50;1
1389;cerveja budweiser lata;;-54;7891991010481;4,25;1
1390;ypioca fogo santo;;-1;7896383730145;25,99;1
1391;essencia zomo splash lemon ;;-4;78412552;12,00;1
1392;essencia zomo swiss alps;;0;78412392;12,00;1
1393;seda smoking medium prata pq;;-13;84196583;5,00;1
1394;bohemia;;1;78911314;5,00;1
1395;JAGERMEIFTER 1750L;;1;4067700009364;289,00;1
1396;energetico monster 473ml;;-7;070847022015;10,50;1
1397;essencia zomo tequila;;0;78411722;12,00;1
1398;essencia zomo tajmahal;;0;78412804;12,00;1
1399;seda blunt master chocolate;;1;615953901399;8,50;1
1400;seda blunt master blueberry;;0;812615010004;8,50;1
1401;seda blunt master sweet;;-2;812615010073;8,50;1
1402;seda blunt master mojito;;-1;615953901412;8,50;1
1403;seda blunt master pineapple;;-1;812615010042;8,50;1
1404;essencia zomo two apple;;0;78411364;12,00;1
1405;essencia zomo strawberry;;0;78411371;12,00;1
1406;hiper;;-97;6959930320426;2,00;1
1407;skol beats fire;;-36;7891149107759;5,50;1
1408;halls menta prata;;9;7622300842468;1,50;1
1409;rayslof blue;;0;7898080663023;10,50;1
1410;absolut honei;;1;7312040551460;104,90;1
1411;guarana 2 litros zero;;2;7891991001373;7,00;1
1412;guarana 2 litros;;-4;7891991001342;7,00;1
1413;batata start cebola salsa;;6;7896376302052;2,50;1
1414;batata start tradicional;;4;7896376302045;2,50;1
1415;batata start churrasco;;3;7896376302069;2,50;1
1416;gift;;-615;78410282;3,50;1
1417;essencia zomo spiced chai;;0;78411388;12,00;1
2413;cerveja baly pilsen ;;-59;742832936200;8,50;1
2414;jack daniels fire;;0;5099873006498;169,00;1
2415;essencia zomo banana cinnamon;;-2;78411685;12,00;1
2416;plets tutti frutti;;85;7891099679054;,25;2
2417;plets hortela;;78;7891099679313;,25;2
3416;cerveja amstel lata;;-290;7896045504831;3,50;1
3417;rajska ice;;0;7896037912057;4,75;1
3418;cerveja belco;;0;751320446428;2,00;1
3419;gin intencion;;5;7898080663771;26,99;1
4418;do barril blue berry;;0;7896273100836;5,00;1
4419;do barril pessego;;-1;7896273100850;5,00;1
4420;do barril maracuja;;0;7896273100812;5,00;1
4421;do barril limao;;-1;7896273100805;5,00;1
4422;torcida bacon;;8;7896341130833;2,00;1
4423;torcida churrasco;;-4;7896341130796;2,00;1
4424;torcida pizza;;9;7896341130789;2,00;1
4425;torcida cebola;;1;7896341130772;2,00;1
4426;torcida pimenta mexicana;;-12;7896341130086;2,00;1
4427;essencia zomo tropical amazon;;0;78412361;12,00;1
4428;cigarro marlboro;;1;78923560;9,00;1
4429;seda blunt master wet cherry;;0;615953901436;8,50;1
4430;energetico gudang drink;;5;7898422675462;8,00;1
4431;prestigio;;23;7891000460207;2,00;1
4432;shot;;-4;7622300862329;2,00;1
4433;catuaba pina colada selvagem;;3;7896336807672;18,50;1
4434;vinho campo largo tinto seco;;1;7896931611353;12,75;1
4435;carvao boeing 2,5 kg;;2;7898916269016;9,50;1
4436;carvao boeing 4,5 kg;;5;7898916269030;14,50;1
4437;cerveja sul americana;;0;7896336804954;8,90;1
4438;ypioca prata;;1;7896383730152;14,90;1
4439;corote blueberry;;-5;7896547501277;5,50;1
4440;corote morango;;0;7896547501154;5,50;1
4441;corote limao;;-16;7896547501178;5,50;1
4442;corote maracuja;;-8;7896547501260;5,50;1
4443;corote canelinha;;-3;7896547501376;5,50;1
4444;corote acai e catuaba;;4;7896547501383;5,50;1
4445;corote pessego;;-2;7896547501161;5,50;1
5439;agua de coco sococo 200ml;;16;7896004400358;2,75;1
5440;preservativo prudence;;11;7898079003021;4,00;1
5441;zomo strong melon;;-2;78412781;12,00;1
5442;skol long neck 275 ml;;2;7891149107704;4,00;1
5443;corona;;1;7501064194160;7,25;1
5444;laka oreo;;-6;7622210641939;2,00;1
5445;domecq;;0;7896080001401;40,50;1
5446;cerveja bali hai 600 ml;;-5;742832936248;8,50;1
5447;cerveja therezopolis gold lager;;-6;7898377660094;9,99;1
5448;sakai saque;;1;7896008101633;26,99;1
5449;essencia serbetli love 66;;3;8697690815308;16,50;1
5450;essencia adalya blue melon;;3;8681511387594;16,50;1
5451;essencia adaly carambola blue;;7;8681511387907;16,50;1
5452;essencia adaly exagelado;;3;8681655725153;16,50;1
5453;essencia adaly melona;;3;8681655725191;16,50;1
5454;essencia adaly gipsy kings;;2;8681511387600;16,50;1
5455;original 300 ml;;4;7891991009584;3,50;1
5456;7898911411113;;0;charruto  talvis ;4,50;1
5457;charruto talvis;;34;7898911411113;4,50;1
5458;papel aluminio  amy gold;;46;7893219653289;,50;1
5459;red bull sugarfree;;7;611269101713;8,50;2
5460;liskov;;0;7898422678166;9,99;1
5461;vinho tinto suave pinheirene 4l;;0;7898307570868;18,99;1
5462;essencia serbetli tropical secret;;2;8697690812512;16,50;1
5463;essencia serbetli fresh halls;;1;8697690812673;16,50;1
5464;essencia zomo havana style;;2;78413047;12,00;1
5465;intencion lata 473 ML;;10;7898080663719;9,50;1
5466;ener baly lata 473 ml;;9;7898080663733;8,50;1
5467;amendoim;;19;0005;1,50;1
5468;krakovia;;9;7896022610029;8,00;1
